INSERT INTO AUTHORITY_GROUP VALUES('F7ACCC2E61254754830C138F01DCB570','组织管理',0,NULL,NOW(),NOW());
INSERT INTO AUTHORITY_GROUP VALUES('A02D0A8C43484C12BE6B4FF4F1542F3B','组织添加',0,'F7ACCC2E61254754830C138F01DCB570',NOW(),NOW());
INSERT INTO AUTHORITY_GROUP VALUES('CFC5D0AE15F948D3AF785821F6680474','组织删除',1,'F7ACCC2E61254754830C138F01DCB570',NOW(),NOW());
INSERT INTO AUTHORITY_GROUP VALUES('3D5FDA91454144B2A082587DDAD4D3E7','组织修改',2,'F7ACCC2E61254754830C138F01DCB570',NOW(),NOW());
INSERT INTO AUTHORITY_GROUP VALUES('15727CE167524E9CB028F8A6E480C924','组织查询所有',3,'F7ACCC2E61254754830C138F01DCB570',NOW(),NOW());

INSERT INTO AUTHORITY_GROUP VALUES('4606E6731BDE420B9BAF14125F469F4B','角色管理',1,NULL,NOW(),NOW());
INSERT INTO AUTHORITY_GROUP VALUES('E9A23FD123814DD4802CE207EDCA02C5','角色添加',1,'4606E6731BDE420B9BAF14125F469F4B',NOW(),NOW());
INSERT INTO AUTHORITY_GROUP VALUES('1550BB7F739C416BBC39425066A85608','角色删除',2,'4606E6731BDE420B9BAF14125F469F4B',NOW(),NOW());
INSERT INTO AUTHORITY_GROUP VALUES('850B9F0C5260491BBD067B0544F9937B','角色修改',3,'4606E6731BDE420B9BAF14125F469F4B',NOW(),NOW());
INSERT INTO AUTHORITY_GROUP VALUES('9F4B810275864372AEF309B6488C45DE','角色分页查询',4,'4606E6731BDE420B9BAF14125F469F4B',NOW(),NOW());
INSERT INTO AUTHORITY_GROUP VALUES('BF7FB28544344636AA7D32490616962A','角色详情',5,'4606E6731BDE420B9BAF14125F469F4B',NOW(),NOW());

INSERT INTO AUTHORITY_GROUP VALUES('3853C86746CB4C7686CD1305D78637C8','用户管理',2,NULL,NOW(),NOW());
INSERT INTO AUTHORITY_GROUP VALUES('8803C2F72EAD407ABA69B4195DE8D5C2','用户添加',1,'3853C86746CB4C7686CD1305D78637C8',NOW(),NOW());
INSERT INTO AUTHORITY_GROUP VALUES('E9E18927014E435F903A5BC1B26D1849','用户删除',2,'3853C86746CB4C7686CD1305D78637C8',NOW(),NOW());
INSERT INTO AUTHORITY_GROUP VALUES('4013BC6B9BA24CEFB7D8A0D189BE3370','用户修改',3,'3853C86746CB4C7686CD1305D78637C8',NOW(),NOW());
INSERT INTO AUTHORITY_GROUP VALUES('5C9D30EEA3D14ADA9BF73FE341A76612','用户分页查询',4,'3853C86746CB4C7686CD1305D78637C8',NOW(),NOW());

INSERT INTO AUTHORITY_GROUP VALUES('1BDA408309D042CCB5CD1B418610F2FA','里程管理',3,NULL,NOW(),NOW());
INSERT INTO AUTHORITY_GROUP VALUES('7C067A568B2F4338AD5E8527C50A8C3F','里程添加',1,'1BDA408309D042CCB5CD1B418610F2FA',NOW(),NOW());
INSERT INTO AUTHORITY_GROUP VALUES('FB65910A435F49988F96C99F6B6CFBD2','里程删除',2,'1BDA408309D042CCB5CD1B418610F2FA',NOW(),NOW());
INSERT INTO AUTHORITY_GROUP VALUES('BD880B169A754276A6D1AA7BEA0F127A','里程修改',3,'1BDA408309D042CCB5CD1B418610F2FA',NOW(),NOW());
INSERT INTO AUTHORITY_GROUP VALUES('86864D7CBB524B7A9D067641EBBB57AF','里程分页查询',4,'1BDA408309D042CCB5CD1B418610F2FA',NOW(),NOW());

INSERT INTO AUTHORITY_GROUP VALUES('7DCEFD671D8F4A81B59372507335F87B','里程区间管理',4,NULL,NOW(),NOW());
INSERT INTO AUTHORITY_GROUP VALUES('1DCE881FA9E94F1FA085D180864B50F1','里程区间添加',1,'7DCEFD671D8F4A81B59372507335F87B',NOW(),NOW());
INSERT INTO AUTHORITY_GROUP VALUES('A87C443C4D004FFB84875CBECF5E7793','里程区间删除',2,'7DCEFD671D8F4A81B59372507335F87B',NOW(),NOW());
INSERT INTO AUTHORITY_GROUP VALUES('73B050B449B44E5084D5E7F2CF879470','里程区间修改',3,'7DCEFD671D8F4A81B59372507335F87B',NOW(),NOW());
INSERT INTO AUTHORITY_GROUP VALUES('A81EA9552EBA43F7857ACF1F316214C2','里程区间分页查询',4,'7DCEFD671D8F4A81B59372507335F87B',NOW(),NOW());

INSERT INTO AUTHORITY_GROUP VALUES('DB683239191A4C63B2046EDAC8C0952E','作业面管理',5,NULL,NOW(),NOW());
INSERT INTO AUTHORITY_GROUP VALUES('12F4974477974E2394B4829EAD3EF3E6','作业面添加',1,'DB683239191A4C63B2046EDAC8C0952E',NOW(),NOW());
INSERT INTO AUTHORITY_GROUP VALUES('02AF1419D7104173AD9CF4297498F9C7','作业面删除',2,'DB683239191A4C63B2046EDAC8C0952E',NOW(),NOW());
INSERT INTO AUTHORITY_GROUP VALUES('53DDA994EAE546658D3999A199EAE2E1','作业面修改',3,'DB683239191A4C63B2046EDAC8C0952E',NOW(),NOW());
INSERT INTO AUTHORITY_GROUP VALUES('69226B3E9B0240DBB54F1979597DB089','作业面分页查询',4,'DB683239191A4C63B2046EDAC8C0952E',NOW(),NOW());

INSERT INTO AUTHORITY_GROUP VALUES('5BED4C341F02404083F3ABB35CDC6D34','机械管理',6,NULL,NOW(),NOW());
INSERT INTO AUTHORITY_GROUP VALUES('C545DF9618654AFF9C5EC8E8ECCCADE6','机械添加',1,'5BED4C341F02404083F3ABB35CDC6D34',NOW(),NOW());
INSERT INTO AUTHORITY_GROUP VALUES('5EE4385B1F114E50A25CE8DBEC5FFDFC','机械删除',2,'5BED4C341F02404083F3ABB35CDC6D34',NOW(),NOW());
INSERT INTO AUTHORITY_GROUP VALUES('8CB6E4C0D6FC4D7EAC8EE7FE458922EC','机械修改',3,'5BED4C341F02404083F3ABB35CDC6D34',NOW(),NOW());
INSERT INTO AUTHORITY_GROUP VALUES('A76DBD86E41A4DD7BCC59EE3352F08F0','机械分页查询',4,'5BED4C341F02404083F3ABB35CDC6D34',NOW(),NOW());

INSERT INTO AUTHORITY VALUES('user.controller.OrganizationController.add','组织添加','A02D0A8C43484C12BE6B4FF4F1542F3B',NOW(),NOW());
INSERT INTO AUTHORITY VALUES('user.controller.OrganizationController.delete','组织删除','CFC5D0AE15F948D3AF785821F6680474',NOW(),NOW());
INSERT INTO AUTHORITY VALUES('user.controller.OrganizationController.update','组织修改','3D5FDA91454144B2A082587DDAD4D3E7',NOW(),NOW());
INSERT INTO AUTHORITY VALUES('user.controller.OrganizationController.all','组织查询所有','15727CE167524E9CB028F8A6E480C924',NOW(),NOW());
INSERT INTO AUTHORITY VALUES('organization.all','组织查询所有菜单','15727CE167524E9CB028F8A6E480C924',NOW(),NOW());

INSERT INTO AUTHORITY VALUES('user.controller.RoleController.authorities','权限组查询所有','E9A23FD123814DD4802CE207EDCA02C5',NOW(),NOW());
INSERT INTO AUTHORITY VALUES('user.controller.RoleController.add','角色添加','E9A23FD123814DD4802CE207EDCA02C5',NOW(),NOW());
INSERT INTO AUTHORITY VALUES('user.controller.RoleController.delete','角色删除','1550BB7F739C416BBC39425066A85608',NOW(),NOW());
INSERT INTO AUTHORITY VALUES('user.controller.RoleController.update','角色修改','850B9F0C5260491BBD067B0544F9937B',NOW(),NOW());
INSERT INTO AUTHORITY VALUES('user.controller.RoleController.list','角色分页查询','9F4B810275864372AEF309B6488C45DE',NOW(),NOW());
INSERT INTO AUTHORITY VALUES('role.list','角色分页查询菜单','9F4B810275864372AEF309B6488C45DE',NOW(),NOW());
INSERT INTO AUTHORITY VALUES('user.controller.RoleController.detail','角色详情','BF7FB28544344636AA7D32490616962A',NOW(),NOW());

INSERT INTO AUTHORITY VALUES('user.controller.UserController.add','用户添加','8803C2F72EAD407ABA69B4195DE8D5C2',NOW(),NOW());
INSERT INTO AUTHORITY VALUES('user.controller.UserController.delete','用户删除','E9E18927014E435F903A5BC1B26D1849',NOW(),NOW());
INSERT INTO AUTHORITY VALUES('user.controller.UserController.update','用户修改','4013BC6B9BA24CEFB7D8A0D189BE3370',NOW(),NOW());
INSERT INTO AUTHORITY VALUES('user.controller.UserController.list','用户分页查询','5C9D30EEA3D14ADA9BF73FE341A76612',NOW(),NOW());
INSERT INTO AUTHORITY VALUES('user.list','用户分页查询菜单','5C9D30EEA3D14ADA9BF73FE341A76612',NOW(),NOW());
INSERT INTO AUTHORITY VALUES('user.controller.OrganizationController.all','组织查询所有','5C9D30EEA3D14ADA9BF73FE341A76612',NOW(),NOW());

INSERT INTO AUTHORITY VALUES('mileage.controller.MileageController.add','里程添加','7C067A568B2F4338AD5E8527C50A8C3F',NOW(),NOW());
INSERT INTO AUTHORITY VALUES('mileage.controller.MileageController.delete','里程删除','02AF1419D7104173AD9CF4297498F9C7',NOW(),NOW());
INSERT INTO AUTHORITY VALUES('mileage.controller.MileageController.update','里程修改','BD880B169A754276A6D1AA7BEA0F127A',NOW(),NOW());
INSERT INTO AUTHORITY VALUES('mileage.controller.MileageController.list','里程分页查询','86864D7CBB524B7A9D067641EBBB57AF',NOW(),NOW());
INSERT INTO AUTHORITY VALUES('mileage.list','里程分页查询菜单','86864D7CBB524B7A9D067641EBBB57AF',NOW(),NOW());

INSERT INTO AUTHORITY VALUES('mileage.controller.MileageSegmentController.add','里程区间添加','1DCE881FA9E94F1FA085D180864B50F1',NOW(),NOW());
INSERT INTO AUTHORITY VALUES('mileage.controller.MileageSegmentController.delete','里程区间删除','A87C443C4D004FFB84875CBECF5E7793',NOW(),NOW());
INSERT INTO AUTHORITY VALUES('mileage.controller.MileageSegmentController.update','里程区间修改','73B050B449B44E5084D5E7F2CF879470',NOW(),NOW());
INSERT INTO AUTHORITY VALUES('mileage.controller.MileageSegmentController.list','里程区间分页查询','A81EA9552EBA43F7857ACF1F316214C2',NOW(),NOW());
INSERT INTO AUTHORITY VALUES('mileageSegment.list','里程分页查询菜单','A81EA9552EBA43F7857ACF1F316214C2',NOW(),NOW());

INSERT INTO AUTHORITY VALUES('mileage.controller.WorkSegmentController.add','作业面添加','12F4974477974E2394B4829EAD3EF3E6',NOW(),NOW());
INSERT INTO AUTHORITY VALUES('mileage.controller.MileageSegmentController.all','里程区间查询所有','12F4974477974E2394B4829EAD3EF3E6',NOW(),NOW());
INSERT INTO AUTHORITY VALUES('mileage.controller.WorkSegmentController.delete','作业面删除','02AF1419D7104173AD9CF4297498F9C7',NOW(),NOW());
INSERT INTO AUTHORITY VALUES('mileage.controller.WorkSegmentController.update','作业面修改','53DDA994EAE546658D3999A199EAE2E1',NOW(),NOW());
INSERT INTO AUTHORITY VALUES('mileage.controller.WorkSegmentController.list','作业面分页查询','69226B3E9B0240DBB54F1979597DB089',NOW(),NOW());
INSERT INTO AUTHORITY VALUES('workSegment.list','作业面分页查询菜单','69226B3E9B0240DBB54F1979597DB089',NOW(),NOW());
INSERT INTO AUTHORITY VALUES('mileage.controller.WorkSegmentController.mileageWorkSegment','作业面列表，根据里程查询','69226B3E9B0240DBB54F1979597DB089',NOW(),NOW());

INSERT INTO AUTHORITY VALUES('machinery.controller.MachineryController.add','机械添加','C545DF9618654AFF9C5EC8E8ECCCADE6',NOW(),NOW());
INSERT INTO AUTHORITY VALUES('machinery.controller.MachineryController.delete','机械删除','5EE4385B1F114E50A25CE8DBEC5FFDFC',NOW(),NOW());
INSERT INTO AUTHORITY VALUES('machinery.controller.MachineryController.update','机械修改','8CB6E4C0D6FC4D7EAC8EE7FE458922EC',NOW(),NOW());
INSERT INTO AUTHORITY VALUES('machinery.controller.MachineryController.list','机械分页查询','A76DBD86E41A4DD7BCC59EE3352F08F0',NOW(),NOW());
INSERT INTO AUTHORITY VALUES('machinery.list','机械分页查询菜单','A76DBD86E41A4DD7BCC59EE3352F08F0',NOW(),NOW());

INSERT INTO ROLE VALUES('4476A107F7B049EDBDB417B02955ABF0','admin','管理员','00',NOW(),NOW());


INSERT INTO ROLE_AUTHORITY VALUES('4476A107F7B049EDBDB417B02955ABF0','F7ACCC2E61254754830C138F01DCB570');
INSERT INTO ROLE_AUTHORITY VALUES('4476A107F7B049EDBDB417B02955ABF0','A02D0A8C43484C12BE6B4FF4F1542F3B');
INSERT INTO ROLE_AUTHORITY VALUES('4476A107F7B049EDBDB417B02955ABF0','CFC5D0AE15F948D3AF785821F6680474');
INSERT INTO ROLE_AUTHORITY VALUES('4476A107F7B049EDBDB417B02955ABF0','3D5FDA91454144B2A082587DDAD4D3E7');
INSERT INTO ROLE_AUTHORITY VALUES('4476A107F7B049EDBDB417B02955ABF0','15727CE167524E9CB028F8A6E480C924');

INSERT INTO ROLE_AUTHORITY VALUES('4476A107F7B049EDBDB417B02955ABF0','4606E6731BDE420B9BAF14125F469F4B');
INSERT INTO ROLE_AUTHORITY VALUES('4476A107F7B049EDBDB417B02955ABF0','E9A23FD123814DD4802CE207EDCA02C5');
INSERT INTO ROLE_AUTHORITY VALUES('4476A107F7B049EDBDB417B02955ABF0','1550BB7F739C416BBC39425066A85608');
INSERT INTO ROLE_AUTHORITY VALUES('4476A107F7B049EDBDB417B02955ABF0','850B9F0C5260491BBD067B0544F9937B');
INSERT INTO ROLE_AUTHORITY VALUES('4476A107F7B049EDBDB417B02955ABF0','9F4B810275864372AEF309B6488C45DE');
INSERT INTO ROLE_AUTHORITY VALUES('4476A107F7B049EDBDB417B02955ABF0','BF7FB28544344636AA7D32490616962A');

INSERT INTO ROLE_AUTHORITY VALUES('4476A107F7B049EDBDB417B02955ABF0','3853C86746CB4C7686CD1305D78637C8');
INSERT INTO ROLE_AUTHORITY VALUES('4476A107F7B049EDBDB417B02955ABF0','8803C2F72EAD407ABA69B4195DE8D5C2');
INSERT INTO ROLE_AUTHORITY VALUES('4476A107F7B049EDBDB417B02955ABF0','E9E18927014E435F903A5BC1B26D1849');
INSERT INTO ROLE_AUTHORITY VALUES('4476A107F7B049EDBDB417B02955ABF0','4013BC6B9BA24CEFB7D8A0D189BE3370');
INSERT INTO ROLE_AUTHORITY VALUES('4476A107F7B049EDBDB417B02955ABF0','5C9D30EEA3D14ADA9BF73FE341A76612');

INSERT INTO ROLE_AUTHORITY VALUES('4476A107F7B049EDBDB417B02955ABF0','1BDA408309D042CCB5CD1B418610F2FA');
INSERT INTO ROLE_AUTHORITY VALUES('4476A107F7B049EDBDB417B02955ABF0','7C067A568B2F4338AD5E8527C50A8C3F');
INSERT INTO ROLE_AUTHORITY VALUES('4476A107F7B049EDBDB417B02955ABF0','FB65910A435F49988F96C99F6B6CFBD2');
INSERT INTO ROLE_AUTHORITY VALUES('4476A107F7B049EDBDB417B02955ABF0','BD880B169A754276A6D1AA7BEA0F127A');
INSERT INTO ROLE_AUTHORITY VALUES('4476A107F7B049EDBDB417B02955ABF0','86864D7CBB524B7A9D067641EBBB57AF');

INSERT INTO ROLE_AUTHORITY VALUES('4476A107F7B049EDBDB417B02955ABF0','7DCEFD671D8F4A81B59372507335F87B');
INSERT INTO ROLE_AUTHORITY VALUES('4476A107F7B049EDBDB417B02955ABF0','1DCE881FA9E94F1FA085D180864B50F1');
INSERT INTO ROLE_AUTHORITY VALUES('4476A107F7B049EDBDB417B02955ABF0','A87C443C4D004FFB84875CBECF5E7793');
INSERT INTO ROLE_AUTHORITY VALUES('4476A107F7B049EDBDB417B02955ABF0','73B050B449B44E5084D5E7F2CF879470');
INSERT INTO ROLE_AUTHORITY VALUES('4476A107F7B049EDBDB417B02955ABF0','A81EA9552EBA43F7857ACF1F316214C2');

INSERT INTO ROLE_AUTHORITY VALUES('4476A107F7B049EDBDB417B02955ABF0','DB683239191A4C63B2046EDAC8C0952E');
INSERT INTO ROLE_AUTHORITY VALUES('4476A107F7B049EDBDB417B02955ABF0','12F4974477974E2394B4829EAD3EF3E6');
INSERT INTO ROLE_AUTHORITY VALUES('4476A107F7B049EDBDB417B02955ABF0','02AF1419D7104173AD9CF4297498F9C7');
INSERT INTO ROLE_AUTHORITY VALUES('4476A107F7B049EDBDB417B02955ABF0','53DDA994EAE546658D3999A199EAE2E1');
INSERT INTO ROLE_AUTHORITY VALUES('4476A107F7B049EDBDB417B02955ABF0','69226B3E9B0240DBB54F1979597DB089');

INSERT INTO ROLE_AUTHORITY VALUES('4476A107F7B049EDBDB417B02955ABF0','5BED4C341F02404083F3ABB35CDC6D34');
INSERT INTO ROLE_AUTHORITY VALUES('4476A107F7B049EDBDB417B02955ABF0','C545DF9618654AFF9C5EC8E8ECCCADE6');
INSERT INTO ROLE_AUTHORITY VALUES('4476A107F7B049EDBDB417B02955ABF0','5EE4385B1F114E50A25CE8DBEC5FFDFC');
INSERT INTO ROLE_AUTHORITY VALUES('4476A107F7B049EDBDB417B02955ABF0','8CB6E4C0D6FC4D7EAC8EE7FE458922EC');
INSERT INTO ROLE_AUTHORITY VALUES('4476A107F7B049EDBDB417B02955ABF0','A76DBD86E41A4DD7BCC59EE3352F08F0');

INSERT INTO USER VALUES('570BB923C48149B28F4E6055196A9F9D','admin','$2a$10$zNQ3kT8TQRgGBiy8FVHRnOCXV2OR.Ult.ujhOhCC4ad11JyAHyu3C','admin','+86','13888888888','00',null,null,null,null,null,'NORMAL',null,null,null,null,0,null,NOW(),NOW());

INSERT INTO USER_ROLE VALUES('570BB923C48149B28F4E6055196A9F9D','4476A107F7B049EDBDB417B02955ABF0');
