INSERT INTO AUTHORITY_GROUP VALUES('F7ACCC2E61254754830C138F01DCB570','组织管理',0,NULL,NOW(),NOW());
INSERT INTO AUTHORITY_GROUP VALUES('A02D0A8C43484C12BE6B4FF4F1542F3B','组织添加',0,'F7ACCC2E61254754830C138F01DCB570',NOW(),NOW());
INSERT INTO AUTHORITY_GROUP VALUES('CFC5D0AE15F948D3AF785821F6680474','组织删除',1,'F7ACCC2E61254754830C138F01DCB570',NOW(),NOW());
INSERT INTO AUTHORITY_GROUP VALUES('3D5FDA91454144B2A082587DDAD4D3E7','组织修改',2,'F7ACCC2E61254754830C138F01DCB570',NOW(),NOW());
INSERT INTO AUTHORITY_GROUP VALUES('15727CE167524E9CB028F8A6E480C924','组织查询所有',3,'F7ACCC2E61254754830C138F01DCB570',NOW(),NOW());

INSERT INTO AUTHORITY_GROUP VALUES('4606E6731BDE420B9BAF14125F469F4B','角色管理',0,NULL,NOW(),NOW());
INSERT INTO AUTHORITY_GROUP VALUES('E9A23FD123814DD4802CE207EDCA02C5','角色添加',1,'4606E6731BDE420B9BAF14125F469F4B',NOW(),NOW());
INSERT INTO AUTHORITY_GROUP VALUES('1550BB7F739C416BBC39425066A85608','角色删除',2,'4606E6731BDE420B9BAF14125F469F4B',NOW(),NOW());
INSERT INTO AUTHORITY_GROUP VALUES('850B9F0C5260491BBD067B0544F9937B','角色修改',3,'4606E6731BDE420B9BAF14125F469F4B',NOW(),NOW());


INSERT INTO AUTHORITY VALUES('user.controller.OrganizationController.add','组织添加','A02D0A8C43484C12BE6B4FF4F1542F3B',NOW(),NOW());
INSERT INTO AUTHORITY VALUES('user.controller.OrganizationController.delete','组织删除','CFC5D0AE15F948D3AF785821F6680474',NOW(),NOW());
INSERT INTO AUTHORITY VALUES('user.controller.OrganizationController.update','组织修改','3D5FDA91454144B2A082587DDAD4D3E7',NOW(),NOW());
INSERT INTO AUTHORITY VALUES('user.controller.OrganizationController.all','组织查询所有','15727CE167524E9CB028F8A6E480C924',NOW(),NOW());
INSERT INTO AUTHORITY VALUES('organization.all','组织查询所有菜单','15727CE167524E9CB028F8A6E480C924',NOW(),NOW());

INSERT INTO AUTHORITY VALUES('user.controller.RoleController.authorities','权限组查询所有','E9A23FD123814DD4802CE207EDCA02C5',NOW(),NOW());
INSERT INTO AUTHORITY VALUES('user.controller.RoleController.add','角色添加','E9A23FD123814DD4802CE207EDCA02C5',NOW(),NOW());
INSERT INTO AUTHORITY VALUES('user.controller.RoleController.delete','角色删除','1550BB7F739C416BBC39425066A85608',NOW(),NOW());
INSERT INTO AUTHORITY VALUES('user.controller.RoleController.update','角色修改','850B9F0C5260491BBD067B0544F9937B',NOW(),NOW());

INSERT INTO ROLE VALUES('4476A107F7B049EDBDB417B02955ABF0','admin','管理员','00',NOW(),NOW());


INSERT INTO ROLE_AUTHORITY VALUES('4476A107F7B049EDBDB417B02955ABF0','F7ACCC2E61254754830C138F01DCB570');
INSERT INTO ROLE_AUTHORITY VALUES('4476A107F7B049EDBDB417B02955ABF0','A02D0A8C43484C12BE6B4FF4F1542F3B');
INSERT INTO ROLE_AUTHORITY VALUES('4476A107F7B049EDBDB417B02955ABF0','CFC5D0AE15F948D3AF785821F6680474');
INSERT INTO ROLE_AUTHORITY VALUES('4476A107F7B049EDBDB417B02955ABF0','3D5FDA91454144B2A082587DDAD4D3E7');
INSERT INTO ROLE_AUTHORITY VALUES('4476A107F7B049EDBDB417B02955ABF0','15727CE167524E9CB028F8A6E480C924');
INSERT INTO ROLE_AUTHORITY VALUES('4476A107F7B049EDBDB417B02955ABF0','4606E6731BDE420B9BAF14125F469F4B');
INSERT INTO ROLE_AUTHORITY VALUES('4476A107F7B049EDBDB417B02955ABF0','E9A23FD123814DD4802CE207EDCA02C5');
INSERT INTO ROLE_AUTHORITY VALUES('4476A107F7B049EDBDB417B02955ABF0','1550BB7F739C416BBC39425066A85608');
INSERT INTO ROLE_AUTHORITY VALUES('4476A107F7B049EDBDB417B02955ABF0','850B9F0C5260491BBD067B0544F9937B');

INSERT INTO USER VALUES('570BB923C48149B28F4E6055196A9F9D','admin','$2a$10$zNQ3kT8TQRgGBiy8FVHRnOCXV2OR.Ult.ujhOhCC4ad11JyAHyu3C','admin','+86','13888888888','00',null,null,null,null,'NORMAL',null,null,null,null,0,null,NOW(),NOW());

INSERT INTO USER_ROLE VALUES('570BB923C48149B28F4E6055196A9F9D','4476A107F7B049EDBDB417B02955ABF0');
